{
  "subjects": [
    1,
    2
  ],
  "band_power_mean_per_subject": [
    [
      0.06493979956002902,
      1.0315830120653566,
      1.1368961917557756,
      0.2929488781703748,
      0.06530428005978897
    ],
    [
      0.787304789845829,
      6.212452148803562,
      2.700578277082906,
      0.6737664776755782,
      0.3632959889201341
    ]
  ],
  "de_mean_per_subject": [
    [
      0.008923696336694091,
      1.3742592161026006,
      1.4320857115564458,
      0.7762971804738134,
      -0.0856018728917096
    ],
    [
      0.8109609571195359,
      1.9224338083253507,
      1.7596135491198825,
      0.9839231709408539,
      0.5954014489299839
    ]
  ],
  "faa_mean_per_subject": [
    0.12627953420951502,
    -0.6613685278372442
  ],
  "total_excluded_components": 84,
  "n_trials_total": 80,
  "band_power_global_mean": [
    0.426122294702929,
    3.622017580434459,
    1.918737234419341,
    0.48335767792297646,
    0.21430013448996155
  ],
  "de_global_mean": [
    0.409942326728115,
    1.6483465122139758,
    1.5958496303381642,
    0.8801101757073336,
    0.25489978801913715
  ],
  "faa_global_mean": -0.2675444968138646,
  "band_names": [
    "delta",
    "theta",
    "alpha",
    "beta",
    "gamma"
  ],
  "time_feature_names": [
    "mean",
    "std",
    "skewness",
    "kurtosis",
    "hjorth_activity",
    "hjorth_mobility",
    "hjorth_complexity",
    "zero_crossing_rate"
  ],
  "n_eeg_channels": 32,
  "sfreq": 128,
  "de_all_shape": [
    2560,
    5
  ]
}